case_id,case_score,case_outlier,iso_outlier
10002463,0.686,False,False
10003257,0.979,False,False
10009280,0.714,False,False
10044881,0.979,False,False
10051546,0.638,True,False
10053184,0.672,False,False
10061287,0.705,False,False
10063994,0.638,True,False
10065028,0.98,False,False
10069618,0.929,True,True
10083477,0.678,False,False
10089887,0.641,True,False
10090847,0.639,True,False
10103663,0.634,True,False
10128088,0.68,False,False
10128593,0.62,True,False
10143057,0.684,False,False
10153227,0.687,False,False
10156963,0.705,False,False
10157685,0.639,True,False
10158293,0.739,False,False
10178091,0.924,True,False
10186145,0.706,False,False
10186160,0.611,True,False
10186788,0.673,False,False
10187555,0.988,True,False
10190757,0.689,False,False
10206711,0.982,True,False
10213692,0.753,False,False
10233937,0.949,False,False
10236572,0.656,True,False
10245683,0.762,False,False
10269181,0.505,True,True
10269214,0.706,False,False
10284719,0.946,False,False
10288745,0.649,True,False
10294556,0.671,True,False
10315201,0.706,False,False
10328856,0.637,True,False
10335544,0.971,False,False
10335820,0.695,False,False
10339498,0.715,False,False
10339748,0.962,False,False
10341748,0.709,False,False
10342788,0.681,False,False
10354012,0.538,True,False
10359010,0.974,False,False
10362581,0.928,True,False
10387353,0.951,False,False
10392190,0.626,True,False
10402582,0.968,False,False
10428643,0.611,True,False
10432975,0.675,False,False
10434471,0.638,False,False
10443984,0.643,True,False
10452248,0.661,False,False
10465950,0.646,False,False
10470062,0.655,True,False
10478092,0.562,True,False
10490034,0.978,False,False
10494971,0.96,False,False
10495582,0.612,True,False
10500140,0.685,False,False
10501237,0.701,False,False
10513698,0.633,True,False
10517826,0.649,True,False
10519972,0.607,True,False
10526343,0.611,True,False
10550640,0.694,False,False
10550720,0.668,False,False
10551774,0.952,False,False
10554693,0.735,False,False
10562477,0.689,False,False
10564434,0.602,True,False
10571906,0.739,False,False
10585504,0.955,False,False
10588329,0.658,False,False
10598388,0.693,False,False
10621240,0.664,False,False
10629651,0.739,False,False
10632542,0.632,True,False
10639563,0.974,False,False
10640674,0.972,False,False
10652795,0.657,True,False
10653756,0.979,False,False
10658243,0.991,True,False
10659380,0.657,False,False
10667709,0.946,False,False
10675546,0.613,True,False
10680390,0.617,True,False
10694893,0.962,False,False
10697381,0.973,False,False
10704982,0.69,False,False
10707468,0.598,True,False
10708347,0.624,True,False
10722198,0.696,False,False
10730107,0.628,True,False
10730130,0.67,False,False
10732270,0.625,True,False
10734436,0.958,False,False
10735200,0.67,False,False
10738509,0.937,True,False
10748902,0.729,False,False
10757934,0.969,False,False
10757942,0.963,False,False
10765002,0.695,False,False
10767150,0.972,False,False
10774676,0.709,False,False
10780512,0.701,False,False
10790056,0.715,False,False
10797748,0.968,False,False
10810588,0.599,True,False
10820814,0.712,False,False
10837834,0.7,False,False
10846680,0.699,False,False
10851681,0.74,False,False
10852936,0.968,False,False
10853308,0.967,False,False
10864106,0.637,True,False
10864206,0.967,False,False
10866068,0.657,False,False
10881184,0.967,False,False
10882759,0.951,False,False
10883603,0.612,True,False
10885876,0.702,False,False
10887197,0.964,False,False
10894996,0.62,True,False
10896897,0.658,False,False
10899058,0.72,False,False
10903576,0.707,False,False
10908312,0.972,False,False
10911419,0.713,False,False
10911493,0.649,True,False
10913081,0.958,False,False
10914823,0.978,False,False
10918910,0.677,False,False
10922285,0.61,True,False
10926824,0.974,False,False
10928665,0.534,True,True
10931992,0.686,False,False
10935283,0.974,False,False
10935882,0.964,False,False
10936660,0.67,False,False
10938606,0.965,False,False
10948952,0.675,False,False
10950052,0.718,False,False
10959110,0.572,True,False
10964461,0.959,False,False
10964933,0.638,True,False
10965843,0.652,False,False
10980106,0.979,False,False
10987431,0.63,True,False
10987471,0.614,True,False
10996209,0.724,False,False
10996807,0.542,True,False
10998072,0.676,False,False
11004839,0.702,False,False
11024945,0.714,False,False
11032039,0.691,False,False
11032871,0.694,False,False
11041423,0.747,False,False
11041449,0.966,False,False
11044631,0.566,True,False
11052564,0.701,False,False
11053351,0.519,True,True
11060714,0.976,False,False
11070999,0.735,False,False
11075685,0.971,False,False
11075839,0.696,False,False
11080907,0.638,True,False
11090632,0.619,True,False
11092974,0.695,False,False
11119500,0.594,True,False
11157992,0.613,True,False
11164529,0.74,False,False
11168158,0.616,True,False
11177792,0.625,True,False
11180791,0.682,False,False
11181581,0.979,False,False
11194966,0.68,False,False
11195562,0.731,False,False
11203658,0.711,False,False
11204590,0.668,False,False
11206183,0.715,False,False
11206923,0.615,True,False
11208545,0.957,False,False
11210892,0.689,False,False
11211232,0.536,True,False
11212108,0.928,True,False
11213853,0.705,False,False
11215171,0.717,False,False
11215557,0.714,False,False
11216148,0.758,False,False
11216395,0.662,False,False
11218256,0.66,False,False
11221210,0.729,False,False
11229243,0.706,False,False
11235639,0.956,False,False
11238009,0.705,False,False
11238110,0.72,False,False
11248238,0.676,False,False
11248634,0.956,False,False
11251027,0.667,False,False
11276486,0.978,False,False
11288774,0.715,False,False
11290777,0.955,False,False
11293939,0.48,True,True
11297439,0.641,True,False
11303412,0.749,False,False
11309205,0.604,True,False
11315883,0.667,False,False
11318964,0.613,True,False
11320262,0.749,False,False
11330151,0.699,False,False
11330878,0.977,False,False
11332529,0.712,False,False
11332869,0.979,False,False
11334009,0.627,True,False
11337194,0.703,False,False
11342897,0.702,False,False
11344836,0.969,False,False
11354921,0.655,False,False
11364561,0.694,True,False
11369762,0.697,False,False
11370493,0.603,True,False
11372615,0.597,True,False
11380357,0.979,False,False
11382558,0.965,False,False
11409092,0.968,False,False
11412664,0.608,True,False
11417542,0.975,False,False
11425185,0.596,True,False
11434339,0.978,False,False
11436634,0.715,False,False
11442858,0.726,False,False
11466473,0.982,True,False
11467444,1.0,True,False
11468453,0.979,False,False
11477783,0.983,True,False
11485699,0.712,False,False
11485708,0.671,False,False
11490643,0.979,False,False
11510282,0.971,False,False
11514533,0.683,False,False
11516818,0.679,False,False
11520512,0.655,True,False
11544748,0.633,False,False
11547713,0.65,True,False
11550167,0.515,True,True
11555638,0.629,True,False
11563841,0.979,False,False
11579253,0.634,True,False
11585375,0.684,False,False
11585521,0.649,True,False
11588246,0.694,False,False
11589046,0.753,False,False
11590763,0.622,True,False
11590880,0.959,False,False
11593519,0.583,True,False
11622480,0.584,True,False
11623670,0.938,False,False
11625617,0.662,False,False
11663975,0.973,False,False
11666578,0.657,True,False
11671975,0.968,False,False
11672847,0.654,False,False
11692969,0.64,True,False
11693758,0.533,True,False
11717358,0.698,False,False
11718797,0.594,True,False
11728349,0.608,True,False
11740950,0.692,False,False
11761793,0.601,True,False
11763696,0.759,True,False
11764592,0.63,True,False
11769178,0.639,True,False
11771811,0.713,False,False
11773492,0.653,True,False
11776310,0.975,False,False
11790863,0.966,False,False
11796536,0.715,False,False
11800518,0.604,True,False
11838432,0.691,False,False
11883459,0.667,False,False
11905158,0.711,False,False
11908901,0.591,True,False
11944113,0.704,False,False
11952350,0.695,True,False
11955621,0.654,False,False
11957799,0.686,True,False
11958749,0.605,True,False
11986570,0.637,True,False
12002717,0.96,False,False
12005042,0.705,False,False
12009243,0.617,True,False
12027017,0.96,False,False
12030213,0.691,False,False
12031806,0.715,False,False
12033154,0.619,True,False
12035087,0.652,True,False
12057660,0.711,False,False
12062422,0.716,False,False
12064182,0.959,False,False
12092469,0.976,False,False
12095670,0.96,False,False
12096555,0.979,False,False
12105877,0.713,False,False
12113617,0.664,False,False
12115434,0.679,False,False
12135943,0.543,True,True
12148183,0.715,False,False
12149040,0.716,False,False
12152305,0.957,False,False
12153536,0.706,False,False
12181438,0.671,False,False
12189231,0.979,False,False
12193737,0.66,False,False
12227335,0.628,True,False
12228771,0.697,False,False
12229496,0.95,False,False
12230542,0.693,False,False
12232106,0.74,False,False
12239409,0.979,False,False
12260058,0.672,False,False
12262928,0.719,False,False
12306351,0.66,False,False
12351978,0.96,False,False
12375177,0.741,False,False
12391180,0.975,False,False
12391961,0.634,True,False
12454586,0.952,False,False
12464456,0.971,False,False
12467304,0.966,False,False
12492057,0.95,True,False
12516805,0.97,False,False
12518260,0.618,True,False
12529013,0.693,False,False
12536339,0.704,False,False
12539945,0.632,True,False
12541228,0.645,True,False
12544157,0.971,False,False
12545301,0.965,False,False
12551070,0.821,False,False
12555928,0.954,False,False
12566447,0.633,True,False
12589769,0.59,True,False
12592500,0.969,False,False
12593630,0.708,False,False
12594402,0.708,False,False
12595217,0.708,False,False
12599420,0.966,False,False
12601705,0.664,False,False
12606445,0.65,True,False
12616015,0.709,False,False
12626183,0.968,False,False
12626453,0.966,False,False
12639152,0.708,False,False
12645436,0.586,True,False
12646634,0.708,False,False
12662404,0.708,False,False
12663987,0.605,True,False
12678562,0.704,False,False
12682517,0.964,False,False
12684275,0.973,False,False
12687876,0.971,False,False
12689333,0.613,True,False
12717920,0.715,False,False
12740211,0.954,False,False
12744845,0.701,False,False
12747208,0.715,False,False
12749014,0.668,False,False
12752229,0.704,False,False
12762756,0.964,False,False
12766269,0.973,False,False
12771376,0.979,False,False
12782458,0.637,True,False
12785089,0.658,False,False
12789957,0.979,False,False
12791944,0.962,False,False
12793531,0.716,False,False
12795896,0.968,False,False
12799746,0.609,True,False
12811989,0.956,False,False
12812688,0.657,False,False
12814227,0.622,True,False
12817807,0.712,False,False
12837981,0.591,True,False
12869313,0.749,False,False
12905128,0.979,False,False
12907271,0.979,False,False
12935996,0.724,False,False
12936521,0.98,True,False
12939498,0.619,True,False
12941586,0.596,True,False
12986276,0.707,False,False
12993950,0.979,False,False
12998701,0.979,False,False
13000092,0.711,False,False
13016907,0.584,True,False
13043480,0.69,False,False
13055326,0.979,False,False
13060756,0.979,False,False
13063975,0.979,False,False
13086821,0.657,False,False
13088181,0.617,True,False
13091175,0.978,False,False
13092416,0.599,True,False
13094908,0.978,False,False
13103680,0.634,True,False
13113737,0.979,False,False
13120775,0.609,True,False
13124255,0.608,True,False
13126616,0.969,False,False
13127664,0.618,True,False
13130180,0.634,True,False
13138230,0.696,False,False
13143582,0.648,True,False
13147393,0.966,False,False
13149138,0.965,False,False
13160407,0.979,False,False
13166722,0.981,True,False
13211034,0.971,False,False
13226152,0.978,False,False
13226170,0.708,False,False
13271933,0.701,False,False
13272664,0.972,False,False
13274288,0.977,False,False
13283936,0.709,False,False
13359725,0.707,False,False
13445008,0.978,False,False
13479171,0.665,False,False
13501086,0.971,False,False
13518764,0.977,False,False
13559761,0.977,False,False
13561073,0.689,False,False
13566705,0.675,False,False
13595649,0.971,False,False
13598290,0.979,False,False
13602723,0.977,False,False
13632867,0.978,False,False
13642349,0.977,False,False
13673881,0.977,False,False
13679541,0.978,False,False
13946101,0.682,False,False
13968152,0.96,False,False
19844232,0.642,True,False
19850540,0.641,True,False
19851047,0.952,False,False
19898301,0.681,False,False
19899227,0.9,True,False
19900779,0.629,False,False
19902348,0.569,True,False
19922714,0.966,True,False
19944424,0.702,False,False
19946818,0.639,True,False
19949987,0.627,True,False
19964659,0.498,True,True
19982374,0.576,True,False
20012182,0.674,False,False
20013528,0.627,True,False
20033105,0.607,True,False
20034102,0.656,True,False
20039669,0.623,True,False
20040515,0.619,True,False
20048962,0.715,False,False
20059230,0.912,True,False
20146524,0.619,True,False
20147943,0.698,False,False
20160716,0.629,True,False
20161890,0.573,True,False
20167781,0.529,True,True
20168418,0.583,True,False
20176632,0.925,True,False
20177191,0.597,True,False
20228466,0.556,True,False
20230534,0.896,True,False
20231249,0.603,True,False
20234879,0.62,True,False
20235451,0.697,False,False
20255660,0.69,False,False
20256187,0.663,False,False
20265734,0.611,True,False
20271369,0.876,True,True
20278493,0.606,True,False
20283865,0.914,True,False
20283980,0.898,True,True
20284090,0.946,False,False
20284172,0.642,False,False
20286046,0.938,True,False
20291515,0.986,True,False
20309551,0.584,True,False
20314634,0.683,True,False
20315212,0.683,True,False
20321051,0.874,True,False
20351329,0.971,True,False
20355680,0.979,True,False
20362348,0.694,True,False
20370270,0.969,False,False
20375690,0.71,False,False
20383055,0.956,False,False
20390768,0.626,True,False
20395278,0.979,False,False
20442334,0.945,False,False
20446831,0.599,True,False
20465328,0.975,False,False
20466907,0.61,True,False
20467993,0.972,False,False
20469985,0.644,False,False
20489121,0.621,True,False
20492615,0.865,True,True
20493351,0.868,True,False
20493939,0.933,False,False
20501217,0.666,True,False
20502945,0.913,True,False
20515299,0.956,False,False
20527735,0.979,False,False
20528802,0.979,False,False
20531605,0.721,False,False
20552714,0.57,True,False
20586728,0.868,True,True
20619258,0.911,True,False
20631624,0.563,True,False
20653952,0.943,False,False
20691849,0.625,True,False
20710895,0.979,False,False
20712218,0.662,False,False
20724871,0.932,False,False
20734464,0.934,False,False
20749990,0.943,False,False
20769050,0.667,False,False
20769669,0.702,False,False
20778770,0.721,False,False
20780657,0.617,True,False
20788383,0.701,False,False
20808804,0.972,False,False
20814569,0.649,False,False
20824621,0.711,False,False
20825695,0.608,True,False
20849801,0.75,False,False
20886971,0.667,False,False
20893698,0.692,False,False
20894279,0.941,True,False
20914654,0.92,True,False
20923950,0.669,False,False
20927725,0.667,False,False
20931263,0.678,False,False
20978031,0.655,False,False
21011323,0.693,False,False
21032801,0.676,False,False
21056369,0.605,True,False
21081216,0.599,True,False
21110555,0.708,False,False
21123689,0.694,False,False
21135283,0.626,True,False
21176420,0.721,False,False
21177887,0.683,False,False
21191834,0.649,True,False
21199106,0.557,True,False
21215250,0.672,True,False
21216895,0.613,True,False
21255551,0.643,True,False
21259398,0.673,False,False
21268553,0.707,False,False
21270817,0.661,True,False
21282630,0.918,True,False
21283308,0.918,True,False
21298064,0.689,True,False
21303538,0.916,True,False
21304254,0.64,True,False
21306689,0.696,False,False
21351330,0.639,True,False
21369372,0.64,True,False
21381131,0.943,False,False
21435755,0.912,True,False
21456681,0.658,False,False
21458204,0.625,True,False
21478297,0.959,False,False
21495200,0.612,True,False
21501054,0.918,True,False
21517869,0.713,False,False
21575612,1.0,True,False
21590295,0.688,True,False
21619018,0.677,True,False
21640791,0.579,True,False
21715124,0.973,False,False
21720577,0.61,True,False
21736347,0.95,False,False
21808766,0.595,True,False
21844250,0.984,True,False
21854476,0.578,True,False
21870048,0.64,False,False
21872891,0.694,False,False
21894254,0.703,False,False
21910887,0.921,True,False
21917778,0.679,False,False
21934455,0.927,True,False
21976907,0.653,False,False
21986699,0.569,True,False
21989933,0.543,True,True
21990709,0.919,True,False
22060602,0.627,True,False
22062411,0.707,False,False
22140133,0.973,False,False
22147393,0.676,False,False
22148165,0.937,False,False
22149077,0.602,True,False
22174352,0.626,True,False
22184061,0.629,True,False
22189711,0.592,True,False
22218987,0.661,False,False
22232965,0.702,False,False
22261737,0.604,True,False
22324836,0.665,False,False
22334321,0.632,True,False
22375178,0.558,True,False
22378024,0.699,False,False
22407704,0.934,False,False
22409019,0.589,True,False
22444156,0.618,True,False
22470419,0.652,False,False
22483254,0.627,True,False
22483852,0.607,True,False
22484667,0.656,True,False
22485706,0.638,True,False
22486842,0.962,False,False
22510979,0.699,False,False
22530944,0.624,True,False
22532360,0.602,True,False
22533197,0.699,False,False
22540298,0.582,True,False
22550213,0.969,False,False
22550863,0.706,False,False
22566514,0.705,False,False
22627163,0.635,True,False
22643660,0.634,True,False
22646318,0.6,True,False
22667476,0.595,True,False
22697360,0.699,False,False
22711101,0.98,True,False
22764138,0.625,True,False
22883511,0.701,False,False
22943372,0.643,False,False
22949801,0.667,False,False
22998831,0.613,True,False
23038803,0.981,True,False
23053160,0.6,True,False
23064404,0.703,False,False
23099692,0.591,True,False
23103587,0.599,True,False
23142917,0.612,True,False
23167664,0.705,False,False
23168788,0.705,False,False
23169561,0.706,False,False
23198662,0.649,False,False
23200425,0.718,False,False
23224405,0.659,False,False
23233618,0.708,False,False
23249815,0.707,False,False
23287159,0.961,False,False
23304819,0.625,True,False
23361288,0.68,False,False
23368349,0.721,False,False
23384655,0.696,False,False
23395309,0.715,False,False
23427734,0.678,False,False
23430810,0.977,False,False
23446082,0.662,False,False
23467404,0.604,True,False
23468178,0.619,True,False
23577475,0.671,False,False
23589777,0.97,False,False
23590665,0.971,False,False
23592301,0.966,False,False
23623452,0.622,True,False
23624644,0.604,True,False
23625680,0.964,False,False
23626378,0.631,True,False
23627223,0.621,True,False
23627935,0.617,True,False
23629535,0.966,False,False
23631547,0.976,False,False
23633812,0.717,False,False
23646352,0.578,True,False
23650672,0.62,True,False
23651416,0.624,True,False
23652333,0.588,True,False
23682677,0.62,True,False
23684884,0.966,False,False
23698350,0.617,True,False
23704944,0.965,False,False
23777908,0.969,False,False
23822258,0.966,False,False
23835254,0.977,False,False
23879911,0.967,False,False
23882203,0.672,True,False
23934592,0.98,True,False
23969715,0.979,False,False
24033485,0.974,False,False
24074730,0.977,False,False
24129088,0.979,False,False
24153510,0.979,False,False
24154225,0.979,False,False
2760933,0.995,True,False
2771472,0.646,True,False
2799084,0.995,True,False
2802701,0.964,False,False
2817552,0.925,True,False
2824824,0.706,True,False
2832470,0.714,False,False
2852294,0.686,True,False
2857162,0.633,True,False
2871549,0.937,False,False
2872591,0.97,False,False
2873511,0.979,False,False
2876398,0.719,False,False
2878133,0.986,True,False
2879911,0.973,True,False
2887963,0.703,True,False
2892066,0.701,False,False
2899575,0.689,True,False
2905364,0.716,False,False
2912319,0.985,True,False
2918023,0.946,False,False
2931536,0.715,True,False
2938058,0.714,False,False
2941610,0.97,False,False
2941625,0.566,True,False
2947783,0.589,True,False
2952313,0.933,True,False
2954374,0.667,False,False
2955648,0.587,True,False
2956664,0.637,True,False
2958309,0.615,True,False
2959126,0.62,True,False
2959733,0.712,False,False
2961393,0.959,False,False
2968823,0.59,True,False
2985811,0.649,False,False
2992234,0.952,False,False
2997710,0.987,True,False
2998498,0.718,False,False
2999082,0.676,True,False
3004297,0.987,True,False
3006864,0.968,False,False
3006923,0.972,False,False
3026555,0.572,True,True
3028180,0.621,True,False
3030763,0.719,False,False
3061852,0.96,False,False
3068788,0.954,False,False
3075228,0.682,False,False
3075754,0.958,False,False
3076809,0.987,True,False
3076903,0.69,False,False
3077706,0.957,False,False
3082808,0.648,True,False
3084584,0.961,False,False
3084719,0.729,False,False
3085652,0.736,True,False
3085874,0.966,False,False
3086300,0.964,False,False
3087475,0.992,True,False
3087621,0.918,True,False
3088479,0.992,True,False
3088748,0.678,False,False
3089047,0.918,True,False
3093950,0.96,False,False
3096463,0.716,False,False
3096822,0.961,False,False
3098843,0.95,False,False
3099859,0.949,False,False
3100940,0.64,True,False
3102027,0.627,True,False
3102976,0.668,False,False
3103455,0.697,True,False
3107272,0.712,False,False
3116101,0.629,True,False
3116162,0.744,False,False
3118429,0.988,True,False
3119597,0.96,False,False
3119874,0.627,True,False
3119876,0.956,False,False
3124030,0.608,True,False
3130797,0.708,False,False
3132572,0.659,False,False
3132663,0.652,True,False
3136211,0.969,False,False
3141385,0.959,False,False
3141814,0.662,False,False
3142196,0.697,False,False
3143693,0.726,False,False
3146032,0.685,False,False
3147177,0.953,False,False
3148569,0.709,False,False
3149756,0.969,False,False
3153218,0.956,False,False
3164173,0.644,True,False
3167541,0.695,False,False
3168748,0.659,False,False
3169361,0.652,False,False
3169967,0.682,False,False
3172025,0.986,True,False
3174249,0.71,False,False
3178195,0.984,True,False
3179029,0.664,False,False
3179968,0.648,False,False
3180462,0.975,False,False
3180743,0.966,False,False
3183517,0.671,False,False
3184078,0.562,True,False
3184863,0.993,True,False
3185134,0.815,True,False
3185391,0.694,False,False
3185662,0.962,False,False
3211622,0.987,True,False
3213266,0.692,False,False
3213652,0.954,False,False
3218835,0.69,False,False
3221145,0.908,True,False
3221731,0.51,True,True
3229563,0.73,False,False
3231007,0.686,False,False
3231392,0.661,False,False
3234487,0.714,False,False
3242864,0.618,True,False
3243523,0.717,False,False
3244139,0.987,True,False
3244910,0.62,True,False
3245329,0.644,True,False
3245614,0.905,True,True
3247240,0.96,False,False
3263200,0.509,True,True
3263486,0.732,False,False
3272145,0.973,False,False
3281714,0.676,False,False
3291568,0.688,False,False
3292143,0.733,False,False
3292518,0.966,False,False
3303582,0.988,True,False
3305115,0.986,True,False
3306594,0.966,False,False
3307475,0.683,False,False
3311629,0.719,False,False
3320939,0.955,False,False
3321043,0.637,False,False
3326579,0.692,False,False
3329032,0.966,False,False
3332501,0.724,False,False
3334697,0.664,True,False
3335018,0.702,False,False
3343800,0.605,True,False
3344494,0.678,True,False
3352239,0.653,True,False
3357637,0.986,True,False
3368104,0.727,False,False
3369224,0.666,False,False
3378312,0.941,False,False
3383707,0.96,False,False
3387750,0.715,False,False
3388467,0.696,False,False
3388796,0.539,True,True
3397211,0.696,False,False
3398129,0.771,False,False
3399048,0.707,False,False
3399389,0.716,True,False
3400078,0.666,False,False
3406458,0.59,True,False
3407405,0.733,False,False
3411955,0.987,True,False
3415348,0.583,True,False
3415962,0.74,False,False
3423187,0.61,True,False
3423587,0.677,False,False
3426994,0.988,True,False
3427972,0.737,False,False
3429182,0.972,True,False
3430785,0.984,True,False
3436134,0.737,False,False
3436876,0.581,True,False
3438613,0.658,False,False
3438931,0.671,False,False
3439262,0.969,False,False
3441443,0.721,False,False
3442241,0.77,False,False
3445895,0.945,False,False
3446379,0.538,True,False
3450052,0.645,True,False
3450818,0.717,False,False
3451526,0.75,False,False
3452195,0.715,False,False
3452607,0.62,True,False
3453382,0.708,True,False
3453951,0.719,False,False
3454193,0.963,False,False
3454577,0.968,False,False
3459062,0.672,False,False
3459351,0.931,True,False
3462766,0.708,False,False
3463486,0.546,True,True
3463828,0.988,True,False
3464876,0.772,False,False
3465217,0.954,False,False
3466008,0.709,False,False
3466023,0.795,False,False
3466268,0.696,False,False
3467528,0.646,True,False
3470258,0.964,False,False
3477240,0.741,False,False
3477249,0.722,False,False
3477260,0.957,False,False
3480007,0.582,True,False
3482715,0.918,True,False
3486336,0.973,False,False
3486639,0.972,False,False
3486936,0.646,True,False
3487122,0.653,False,False
3487796,0.973,False,False
3487903,0.659,False,False
3488460,0.607,True,False
3490022,0.688,False,False
3501294,0.621,True,False
3502235,0.956,False,False
3506175,0.981,True,False
3506653,0.723,False,False
3507996,0.745,False,False
3508621,0.939,True,False
3509452,0.7,False,False
3509851,0.824,False,False
3510514,0.964,False,False
3520033,0.727,False,False
3520260,0.921,True,False
3529862,0.706,False,False
3530929,0.941,True,False
3533849,0.647,True,False
3537815,0.632,True,False
3538779,0.706,False,False
3542315,0.966,False,False
3551575,0.616,True,False
3553191,0.625,True,False
3554803,0.704,False,False
3555583,0.97,False,False
3559322,0.919,True,False
3559662,0.983,True,False
3563181,0.957,False,False
3563231,0.696,True,False
3564169,0.769,False,False
3564781,0.574,True,False
3564905,0.54,True,True
3565155,0.642,True,False
3566489,0.647,True,False
3569057,0.953,False,False
3572737,0.699,False,False
3580469,0.988,True,False
3582814,0.915,True,False
3585884,0.72,False,False
3586709,0.565,True,False
3587402,0.564,True,False
3587950,0.563,True,False
3589701,0.774,False,False
3593523,0.699,False,False
3597194,0.92,True,False
3601034,0.678,True,False
3601115,0.965,False,False
3604907,0.536,True,False
3606977,0.641,False,False
3607286,0.688,False,False
3608599,0.723,False,False
3609024,0.691,True,False
3613991,0.659,False,False
3614357,0.701,False,False
3615391,0.611,True,False
3617709,0.59,True,True
3619881,0.914,True,False
3621001,0.671,False,False
3622289,0.608,True,False
3622368,0.735,False,False
3622735,0.963,False,False
3623121,0.965,False,False
3625907,0.597,True,False
3626280,0.696,False,False
3627106,0.925,True,False
3628104,0.688,True,False
3630631,0.722,False,False
3634095,0.661,False,False
3634462,0.602,True,False
3635297,0.623,True,False
3637523,0.709,False,False
3638049,0.632,True,False
3638066,0.662,True,False
3638958,0.655,True,False
3638970,0.571,True,False
3639299,0.608,True,False
3639600,0.91,True,False
3640496,0.964,False,False
3642027,0.69,False,False
3642945,0.715,True,False
3644189,0.662,False,False
3644675,0.701,False,False
3645948,0.723,False,False
3646104,0.657,False,False
3648024,0.726,False,False
3648321,0.559,True,False
3649143,0.958,False,False
3649655,0.598,True,False
3650856,0.697,False,False
3650861,0.623,True,False
3651540,0.661,False,False
3651563,0.634,True,False
3651878,0.923,True,False
3653302,0.744,False,False
3653949,0.952,True,False
3657700,0.587,True,False
3657907,0.654,False,False
3657941,0.59,True,False
3657999,0.522,True,False
3658434,0.97,False,False
3676726,0.688,False,False
3682408,0.954,False,False
3683029,0.587,True,False
3685435,0.965,False,False
3688153,0.962,False,False
3688959,0.713,False,False
3689452,0.966,False,False
3691008,0.675,False,False
3691316,0.505,True,True
3691905,0.585,True,False
3692573,0.686,False,False
3694029,0.638,True,False
3695615,0.644,True,False
3696191,0.966,False,False
3703111,0.672,False,False
3704631,0.609,True,False
3707875,0.675,False,False
3708116,0.639,True,False
3710373,0.694,False,False
3716518,0.682,True,False
3716940,0.68,False,False
3718186,0.672,False,False
3719901,0.969,False,False
3723540,0.665,False,False
3725308,0.603,True,False
3727541,0.942,False,False
3727572,0.77,False,False
3728113,0.614,True,False
3729523,0.644,True,False
3729714,0.603,True,False
3731022,0.724,False,False
3734285,0.988,True,False
3734467,0.675,False,False
3736272,0.667,False,False
3737683,0.649,True,False
3744434,0.675,False,False
3745180,0.975,True,False
3745947,0.94,False,False
3746653,0.979,True,False
3747780,0.686,False,False
3753623,0.928,True,False
3768886,0.64,True,False
3780310,0.927,True,False
3784680,0.619,True,False
3793428,0.925,True,False
3796033,0.925,True,False
3797108,0.676,False,False
3802730,0.536,True,True
3815650,0.959,False,False
3828626,0.66,False,False
3829621,0.904,True,False
3830440,0.952,False,False
3832854,0.743,False,False
3833680,0.646,True,False
3834330,0.952,False,False
3843237,0.941,False,False
3851130,0.683,False,False
3858417,0.587,True,False
3867425,0.966,False,False
3868133,0.967,False,False
3873935,0.945,False,False
3876964,0.685,False,False
3878042,0.962,False,False
3879795,0.72,False,False
3881061,0.61,True,False
3881600,0.606,True,False
3881795,0.962,False,False
3882953,0.687,False,False
3883827,0.705,False,False
3885354,0.694,False,False
3888982,0.955,False,False
3890396,0.973,False,False
3891446,0.615,True,False
3892505,0.814,True,True
3893817,0.697,False,False
3894569,0.665,False,False
3894614,0.608,True,False
3895242,0.614,True,False
3896896,0.906,True,False
3898824,0.684,False,False
3899858,0.962,False,False
3901411,0.982,True,False
3901801,0.916,True,False
3902523,0.628,True,False
3902889,0.721,False,False
3903301,0.886,True,True
3906817,0.963,False,False
3909568,0.697,False,False
3910351,0.96,False,False
3916862,0.744,False,False
3917792,0.7,False,False
3925624,0.74,False,False
3927643,0.747,False,False
3927739,0.623,True,False
3930382,0.968,False,False
3930761,0.707,False,False
3932549,0.669,False,False
3933360,0.954,False,False
3933960,0.687,False,False
3935195,0.632,True,False
3935223,0.926,True,False
3936989,0.675,False,False
3938346,0.988,True,False
3940349,0.729,False,False
3942829,0.988,True,False
3943359,0.738,False,False
3945605,0.966,False,False
3946473,0.7,False,False
3946781,0.974,False,False
3949536,0.967,False,False
3951904,0.707,True,False
3953870,0.752,False,False
3959330,0.701,False,False
3959698,0.619,True,False
3960395,0.975,True,False
3961333,0.973,False,False
3962270,0.719,False,False
3965198,0.718,False,False
3966946,0.955,False,False
3967613,0.577,True,True
3967958,0.738,False,False
3971513,0.968,False,False
3971830,0.655,False,False
3978362,0.983,True,False
3983198,0.718,False,False
3987293,0.974,False,False
3988631,0.637,True,False
3989897,0.688,False,False
3990607,0.687,False,False
3995906,0.7,False,False
3996397,0.632,True,False
3998042,0.984,True,False
3999843,0.684,False,False
4000991,0.972,False,False
4002836,0.691,False,False
4004994,0.655,False,False
4005077,0.766,False,False
4008831,0.967,False,False
4011065,0.811,True,False
4012152,0.638,True,False
4014815,0.659,False,False
4018764,0.742,False,False
4019214,0.626,True,False
4021376,0.956,False,False
4029282,0.627,True,False
4029732,0.606,True,False
4030042,0.602,True,False
4032229,0.716,False,False
4032881,0.532,True,True
4035956,0.736,False,False
4038692,0.655,True,False
4044307,0.565,True,False
4044693,0.696,False,False
4046639,0.63,True,False
4050155,0.959,False,False
4055069,0.679,False,False
4055358,0.638,True,False
4056074,0.655,True,False
4056698,0.987,True,False
4059127,0.927,True,False
4059654,0.961,False,False
4059913,0.596,True,False
4061018,0.701,False,False
4062767,0.622,True,False
4065359,0.698,False,False
4067441,0.63,True,False
4075979,0.655,True,False
4077574,0.727,False,False
4081364,0.667,False,False
4081605,0.698,False,False
4082554,0.981,True,False
4086821,0.597,True,False
4087568,0.987,True,False
4088512,0.623,True,False
4089934,0.689,False,False
4092557,0.669,False,False
4098617,0.714,False,False
4106982,0.965,False,False
4116554,0.622,True,False
4119338,0.94,False,False
4119890,1.0,True,False
4120038,0.639,True,False
4120375,0.761,False,False
4120712,0.497,True,True
4120803,0.583,True,False
4121460,0.691,False,False
4121999,0.937,False,False
4122647,0.698,False,False
4124258,0.687,False,False
4125492,0.584,True,False
4126096,0.652,True,False
4128946,0.649,False,False
4131275,0.716,False,False
4132003,0.969,False,False
4132172,0.642,True,False
4136619,0.965,False,False
4139882,0.588,True,False
4145458,0.966,False,False
4147455,0.631,True,False
4151070,0.958,False,False
4152878,0.668,False,False
4155269,0.98,True,False
4156240,0.953,False,False
4157546,0.988,True,False
4159310,0.653,False,False
4159982,0.68,False,False
4160051,0.701,False,False
4161683,0.618,True,False
4163300,0.687,False,False
4167229,0.732,False,False
4172943,0.741,False,False
4176968,0.591,True,False
4179909,0.715,False,False
4179992,0.663,False,False
4181635,0.964,False,False
4182851,0.674,False,False
4183008,0.704,False,False
4184540,0.678,False,False
4184741,0.67,False,False
4185726,0.754,False,False
4188387,0.891,True,False
4190693,0.586,True,False
4192656,0.583,True,False
4193609,0.725,False,False
4196368,0.732,False,False
4197927,0.661,False,False
4199264,0.667,False,False
4204133,0.597,True,False
4204569,0.598,True,False
4209658,0.608,True,False
4209852,0.969,False,False
4210243,0.662,False,False
4214784,0.955,False,False
4215189,0.656,False,False
4219111,0.594,True,False
4220504,0.972,False,False
4223565,0.946,False,False
4225052,0.96,False,False
4228478,0.651,False,False
4229371,0.648,False,False
4234704,0.964,False,False
4235592,0.701,False,False
4236010,0.707,False,False
4238351,0.97,False,False
4239450,0.582,True,False
4239488,0.615,True,False
4243698,0.71,True,False
4246382,0.661,False,False
4254960,0.967,False,False
4258799,0.596,True,False
4263014,0.694,False,False
4270166,0.637,True,False
4272602,0.962,False,False
4274844,0.937,False,False
4281822,0.617,True,False
4282402,0.929,True,False
4285256,0.58,True,True
4285942,0.967,False,False
4287399,0.697,False,False
4289500,0.961,False,False
4290324,0.61,True,False
4291563,0.963,False,False
4291574,0.607,True,False
4292000,0.616,True,False
4293310,0.765,False,False
4300583,0.635,True,False
4301596,0.955,False,False
4302073,0.965,False,False
4302294,0.621,True,False
4302991,0.961,False,False
4306197,0.947,False,False
4308991,0.686,False,False
4310308,0.597,True,False
4313461,0.955,False,False
4314442,0.963,False,False
4314622,0.628,True,False
4315904,0.941,False,False
4316878,0.965,False,False
4317123,0.964,False,False
4317993,0.637,True,False
4318875,0.656,True,False
4323318,0.686,False,False
4324793,0.654,False,False
4325240,0.64,True,False
4329588,0.618,True,True
4329627,0.544,True,False
4330430,0.712,False,False
4334830,0.684,False,False
4334834,0.671,False,False
4336310,0.647,True,False
4337643,0.704,False,False
4337692,0.938,True,False
4337936,0.59,True,False
4339736,0.965,False,False
4340270,0.98,False,False
4342136,0.944,False,False
4343382,0.699,False,False
4344565,0.684,False,False
4347884,0.663,False,False
4350028,0.96,False,False
4351345,0.659,False,False
4351876,0.951,False,False
4357608,0.934,True,False
4361909,0.611,True,False
4369181,0.603,True,False
4371397,0.951,False,False
4374356,0.65,True,False
4378938,0.725,False,False
4380619,0.744,False,False
4381938,0.687,False,False
4384110,0.698,False,False
4384954,0.698,True,False
4389090,0.681,True,False
4389546,0.608,True,False
4393203,0.668,False,False
4405038,0.928,True,False
4405603,0.579,True,False
4406823,0.962,False,False
4416017,0.99,True,False
4416352,0.615,True,False
4422547,0.644,True,False
4423698,0.943,False,False
4425814,0.653,True,False
4425838,0.933,False,False
4429736,0.609,True,False
4429957,0.946,False,False
4438860,0.925,True,False
4445422,0.552,True,False
4448407,0.709,False,False
4452560,0.547,True,False
4452748,0.664,False,False
4454091,0.93,False,False
4458712,0.552,True,False
4459915,0.452,True,True
4460198,0.926,True,False
4460923,0.93,False,False
4461831,0.925,True,False
4464907,0.664,False,False
4466109,0.58,True,False
4472896,0.726,False,False
4475536,0.67,False,False
4477215,0.58,True,False
4482149,0.878,True,False
4485058,0.969,False,False
4487522,0.939,False,False
4495122,0.699,False,False
4495482,0.963,False,False
4495693,0.635,True,False
4498195,0.704,False,False
4499509,0.704,False,False
4502336,0.734,False,False
4506372,0.638,True,False
4507047,0.603,True,False
4509548,0.74,False,False
4511172,0.953,False,False
4518012,0.599,True,False
4519355,0.96,False,False
4520437,0.707,False,False
4523031,0.687,False,False
4528654,0.731,False,False
4530777,0.556,True,False
4532108,0.666,False,False
4532666,0.699,False,False
4534133,0.954,False,False
4535643,0.988,True,False
4535673,0.927,True,False
4538296,0.672,False,False
4541396,0.959,False,False
4544674,0.681,False,False
4544793,0.676,True,False
4546509,0.73,False,False
4546767,0.657,False,False
4546921,0.92,True,False
4551494,0.925,True,False
4556063,0.689,False,False
4557074,0.731,False,False
4557293,0.665,False,False
4557376,0.6,True,False
4558181,0.651,True,False
4561046,0.883,True,False
4561520,0.73,False,False
4563842,0.603,True,False
4565201,0.692,False,False
4565231,0.43,True,True
4568005,0.97,False,False
4568323,0.546,True,False
4568991,0.602,True,False
4569681,0.646,True,False
4571236,0.976,False,False
4573909,0.988,True,False
4574721,0.967,False,False
4576476,0.659,True,False
4577402,0.711,False,False
4578210,0.611,True,False
4580781,0.672,False,False
4581291,0.671,False,False
4581530,0.708,False,False
4581576,0.894,True,False
4582102,0.594,True,False
4582447,0.607,True,False
4583575,0.697,False,False
4587229,0.722,False,False
4588849,0.985,True,False
4589428,0.985,True,False
4589653,0.56,True,False
4589736,0.605,True,False
4590635,0.614,True,False
4590665,0.706,False,False
4591274,0.59,True,False
4592657,0.959,False,False
4593447,0.944,False,False
4594570,0.955,False,False
4595267,0.679,False,False
4595553,0.693,False,False
4596585,0.721,False,False
4596918,0.787,False,False
4598731,0.538,True,False
4599697,0.646,True,False
4601549,0.643,True,False
4602509,0.874,True,False
4603773,0.98,True,False
4604349,0.671,False,False
4605503,0.733,False,False
4606881,0.685,False,False
4607685,0.708,False,False
4608242,0.66,False,False
4608993,0.522,True,False
4609219,0.949,False,False
4610218,0.603,True,False
4610667,0.582,True,False
4611116,0.954,False,False
4611301,0.693,False,False
4620139,0.701,False,False
4625539,0.642,True,False
4629004,0.697,False,False
4633978,0.926,True,False
4637482,0.96,False,False
4640280,0.618,True,False
4641308,0.614,True,False
4644551,0.704,False,False
4646626,0.926,True,False
4646629,0.719,False,False
4648928,0.661,False,False
4648990,0.612,True,False
4653892,0.963,False,False
4660745,0.633,True,False
4681610,0.71,False,False
4685417,0.992,True,False
4691855,0.711,False,False
4695077,0.696,False,False
4695725,0.706,False,False
4710606,0.721,False,False
4712607,0.704,False,False
4720608,0.582,True,False
4722168,0.723,False,False
4722173,0.608,True,False
4726727,0.6,True,False
4728603,0.586,True,False
4734658,0.91,True,False
4735185,0.628,True,False
4735569,0.977,False,False
4741816,0.667,False,False
4747767,0.705,False,False
4762303,0.704,False,False
4771231,0.54,True,False
4773116,0.648,True,False
4774987,0.614,True,False
4775900,0.7,False,False
4777311,0.936,False,False
4784793,0.664,False,False
4792765,0.77,False,False
4795652,0.958,False,False
4796297,0.966,False,False
4803887,0.679,False,False
4804379,0.681,False,False
4805282,0.954,False,False
4806600,0.587,True,False
4809587,0.624,True,False
4810148,0.722,False,False
4812053,0.705,False,False
4812456,0.708,False,False
4813114,0.615,True,False
4813248,0.623,True,False
4816738,0.965,False,False
4818486,0.631,True,False
4819671,0.602,True,False
4819739,0.592,True,False
4820539,0.666,False,False
4822559,0.575,True,False
4823271,0.54,True,False
4824359,0.566,True,False
4824378,0.596,True,False
4824970,0.669,False,False
4825261,0.695,False,False
4825615,0.985,True,False
4827136,0.904,True,False
4827249,0.638,True,False
4828620,0.707,False,False
4830071,0.985,True,False
4830126,0.594,True,False
4832613,0.771,False,False
4833082,0.715,False,False
4833530,0.658,False,False
4835129,0.63,True,False
4837331,0.985,True,False
4841819,0.985,True,False
4842497,0.757,False,False
4845170,0.937,False,False
4846075,0.95,False,False
4855024,0.985,True,False
4857844,0.666,False,False
4858294,0.985,True,False
4860974,0.967,False,False
4861290,0.956,False,False
4865300,0.724,False,False
4866292,0.728,False,False
4867694,0.722,False,False
4870792,0.964,False,False
4873186,0.711,False,False
4874294,0.985,True,False
4875541,0.985,True,False
4879565,0.669,False,False
4879618,0.923,True,False
4880023,0.669,False,False
4880621,0.55,True,False
4881075,0.688,False,False
4885184,0.657,False,False
4885256,0.99,True,False
4885475,0.736,False,False
4887779,0.977,False,False
4888102,0.615,True,False
4890925,0.735,False,False
4903631,0.638,True,False
4912023,0.943,False,False
4913286,0.707,False,False
4923453,0.957,False,False
4927992,0.694,False,False
4928107,0.641,True,False
4933265,0.714,False,False
4933806,0.931,False,False
4935037,0.633,True,False
4938008,0.642,True,False
4940644,0.717,False,False
4944087,0.961,True,False
4948158,0.65,False,False
4950194,0.959,False,False
4959188,0.702,False,False
4959812,0.547,True,False
4960669,0.704,False,False
4962280,0.77,False,False
4963316,0.724,False,False
4963317,0.763,False,False
4964122,0.714,False,False
4964516,0.641,True,False
4968117,0.603,True,False
4971922,0.726,False,False
4972085,0.712,False,False
4972924,0.979,False,False
4973504,0.964,False,False
4975056,0.974,False,False
4977331,0.728,False,False
4978481,0.758,False,False
4980241,0.971,False,False
4984981,0.747,False,False
4986984,0.589,True,False
4990413,0.942,False,False
5001256,0.985,True,False
5002082,0.707,False,False
5007766,0.922,True,False
5008645,0.573,True,False
5011629,0.643,True,False
5011818,0.743,False,False
5014163,0.601,True,False
5014741,0.678,False,False
5016643,0.689,False,False
5019451,0.63,True,False
5020401,0.693,False,False
5021660,0.593,True,False
5023361,0.703,False,False
5025683,0.598,True,False
5026680,0.965,False,False
5028164,0.946,False,False
5028884,0.959,False,False
5030359,0.889,True,False
5031785,0.609,True,False
5031919,0.96,False,False
5036267,0.603,True,False
5037825,0.965,False,False
5038494,0.609,True,False
5041223,0.586,True,False
5043362,0.646,True,False
5043454,0.718,False,False
5044814,0.697,False,False
5045102,0.73,False,False
5045482,0.624,True,False
5049765,0.984,True,False
5050250,0.755,False,False
5051766,0.608,True,False
5052356,0.697,False,False
5052939,0.943,False,False
5053687,0.728,False,False
5054444,0.715,False,False
5054934,0.973,False,False
5055836,0.722,False,False
5056314,0.722,False,False
5058517,0.559,True,False
5061993,0.676,False,False
5062593,0.611,True,False
5063900,0.634,False,False
5064511,0.601,True,False
5064826,0.679,False,False
5068048,0.978,False,False
5068070,0.522,True,True
5068783,0.659,False,False
5068955,0.963,False,False
5069540,0.615,True,False
5069588,0.711,False,False
5070033,0.568,True,False
5070604,0.532,True,False
5071981,0.962,False,False
5071997,0.647,True,False
5072024,0.709,False,False
5073390,0.608,True,False
5075981,0.669,True,False
5078883,0.961,False,False
5080348,0.614,True,False
5084718,0.652,True,False
5087335,0.954,False,False
5087936,0.947,False,False
5088217,0.979,False,False
5088423,0.93,False,False
5089376,0.709,False,False
5089824,0.666,False,False
5091849,0.736,False,False
5095678,0.596,True,False
5098197,0.613,True,False
5099693,0.664,True,False
5102213,0.577,True,False
5103695,0.979,False,False
5105363,0.624,True,False
5105797,0.764,False,False
5106432,0.906,True,False
5107748,0.578,True,False
5108718,0.951,False,False
5109975,0.671,False,False
5111183,0.974,False,False
5119428,0.63,True,False
5120609,0.933,True,False
5122014,0.841,True,True
5122053,0.585,True,False
5123467,0.684,False,False
5124051,0.638,True,False
5125859,0.935,True,False
5126018,0.905,True,False
5126344,0.614,True,False
5127562,0.962,False,False
5129295,0.978,False,False
5131251,0.62,True,False
5131356,0.926,True,False
5131549,0.67,False,False
5131734,0.926,True,False
5133133,0.59,True,False
5133571,0.934,True,False
5133759,0.665,False,False
5135298,0.607,True,False
5135361,0.89,True,False
5136647,0.629,True,False
5136790,0.974,False,False
5136943,0.944,False,False
5137689,0.963,False,False
5138582,0.689,False,False
5141423,0.677,False,False
5142138,0.958,False,False
5143830,0.702,False,False
5146752,0.599,True,False
5147339,0.677,False,False
5148345,0.679,False,False
5150432,0.659,False,False
5151104,0.676,False,False
5152089,0.639,True,False
5153992,0.971,False,False
5154273,0.721,False,False
5155565,0.78,False,False
5158887,0.764,False,False
5160349,0.706,False,False
5162241,0.678,False,False
5175350,0.781,False,False
5177324,0.674,False,False
5177493,0.966,False,False
5178330,0.781,False,False
5185810,0.593,True,False
5186508,0.592,True,False
5187032,0.593,True,False
5188414,0.664,False,False
5192105,0.634,True,False
5193009,0.621,True,False
5195057,0.597,True,False
5198557,0.692,False,False
5203657,0.654,True,False
5204850,0.778,False,False
5205832,0.783,False,False
5208112,0.883,True,False
5211753,0.911,True,False
5213833,0.623,True,False
5214826,0.947,False,False
5217149,0.724,False,False
5219602,0.58,True,False
5220584,0.719,False,False
5221093,0.642,True,False
5222239,0.725,False,False
5223942,0.719,False,False
5225331,0.779,False,False
5229166,0.956,False,False
5229572,0.742,False,False
5230001,0.934,False,False
5231188,0.717,False,False
5231359,0.631,True,False
5232371,0.781,False,False
5232718,0.69,False,False
5234804,0.699,False,False
5235447,0.713,False,False
5237194,0.669,True,False
5239576,0.951,False,False
5240524,0.617,True,False
5241131,0.689,False,False
5242070,0.954,False,False
5243215,0.65,True,False
5244066,0.702,False,False
5244096,0.962,False,False
5245304,0.717,False,False
5246383,0.658,True,False
5247680,0.968,False,False
5249087,0.585,True,False
5249281,0.72,False,False
5249665,0.67,False,False
5252184,0.631,True,False
5257634,0.765,False,False
5257681,0.958,False,False
5257945,0.68,False,False
5258623,0.967,False,False
5259658,0.976,False,False
5260366,0.611,True,False
5261805,0.64,True,False
5262430,0.62,True,False
5263500,0.692,False,False
5263710,0.964,False,False
5264560,0.953,False,False
5264598,0.954,False,False
5265490,0.952,False,False
5265779,0.985,True,False
5266533,0.722,False,False
5269973,0.633,False,False
5271408,0.99,True,False
5272863,0.744,False,False
5272892,0.703,False,False
5273268,0.731,False,False
5273630,0.669,False,False
5276410,0.98,True,False
5283155,0.639,True,False
5285721,0.538,True,True
5289023,0.936,False,False
5289193,0.562,True,False
5290405,0.78,False,False
5293466,0.696,False,False
5294075,0.975,False,False
5295453,0.617,True,False
5297541,0.942,False,False
5298554,0.589,True,False
5299025,0.957,False,False
5299844,0.586,True,False
5300987,0.696,False,False
5301880,0.67,False,False
5303433,0.574,True,False
5305616,0.506,True,True
5305809,0.684,False,False
5314907,0.539,True,False
5319101,0.711,False,False
5320704,0.716,False,False
5323373,0.955,False,False
5325148,0.704,False,False
5327170,0.651,False,False
5327310,0.669,False,False
5328146,0.633,True,False
5333236,0.711,False,False
5333327,0.734,False,False
5340440,0.962,False,False
5341032,0.578,True,False
5341682,0.987,True,False
5342510,0.92,True,False
5343349,0.707,False,False
5354162,0.624,True,False
5357670,0.955,False,False
5358414,0.646,False,False
5359749,0.951,False,False
5362452,0.679,False,False
5362817,0.953,False,False
5363148,0.635,True,False
5365084,0.627,True,False
5365567,0.636,True,False
5366229,0.965,False,False
5368032,0.961,False,False
5371747,0.662,False,False
5372185,0.673,False,False
5373269,0.61,True,False
5378767,0.967,False,False
5380212,0.701,False,False
5382356,0.712,False,False
5384958,0.714,False,False
5387571,0.616,True,False
5388188,0.703,False,False
5390360,0.626,True,False
5390840,0.615,True,False
5395059,0.616,True,False
5401658,0.621,True,False
5410698,0.577,True,True
5413352,0.679,False,False
5415069,0.701,False,False
5416620,0.731,False,False
5419501,0.723,False,False
5422619,0.657,True,False
5425361,0.962,False,False
5426054,0.957,False,False
5427641,0.704,False,False
5428334,0.712,False,False
5430787,0.631,True,False
5431445,0.535,True,False
5440255,0.706,False,False
5441059,0.611,True,False
5441161,0.614,True,False
5442900,0.735,False,False
5449852,0.696,False,False
5451113,0.776,False,False
5454236,0.642,False,False
5454811,0.582,True,False
5455591,0.583,True,False
5456003,0.905,True,False
5456882,0.96,False,False
5459682,0.574,True,False
5460208,0.727,False,False
5463638,0.663,False,False
5463672,0.651,True,False
5464788,0.722,False,False
5466454,0.731,False,False
5470100,0.622,True,False
5472739,0.705,False,False
5473875,0.66,False,False
5477458,0.533,True,True
5487277,0.956,False,False
5489853,0.655,False,False
5490857,0.616,True,False
5494097,0.632,True,False
5496474,0.979,True,False
5501937,0.959,False,False
5516328,0.964,False,False
5524112,0.613,True,False
5524675,0.707,False,False
5526076,0.708,False,False
5528903,0.577,True,False
5533021,0.972,False,False
5542296,0.641,False,False
5546402,0.728,False,False
5546890,0.716,False,False
5553065,0.622,True,False
5553677,0.97,False,False
5558301,0.72,False,False
5565328,0.667,False,False
5565409,0.98,False,False
5566365,0.79,False,False
5566411,0.965,False,False
5567552,0.606,True,False
5572437,0.6,True,False
5573452,0.607,True,False
5576719,0.976,False,False
5578220,0.498,True,True
5584658,0.73,False,False
5585587,0.666,False,False
5587737,0.639,True,False
5591299,0.984,True,False
5591783,0.667,False,False
5592282,0.647,True,False
5592801,0.686,False,False
5593296,0.626,True,False
5593911,0.715,False,False
5597050,0.98,False,False
5601251,0.654,False,False
5604417,0.635,True,False
5612371,0.979,False,False
5612413,0.713,False,False
5613147,0.709,False,False
5614421,0.641,True,False
5614747,0.662,False,False
5628076,0.615,True,False
5632872,0.965,False,False
5641917,0.939,False,False
5644526,0.985,True,False
5645128,0.642,False,False
5645649,0.791,False,False
5647699,0.651,False,False
5653127,0.609,True,False
5653611,0.712,False,False
5654080,0.723,False,False
5655799,0.69,False,False
5656999,0.962,True,False
5665694,0.716,False,False
5668447,0.92,True,False
5668917,0.668,False,False
5671372,0.713,False,False
5671999,0.636,True,False
5672213,0.48,True,True
5673907,0.791,False,False
5674447,0.713,False,False
5676393,0.955,False,False
5686241,0.692,False,False
5690764,0.646,False,False
5697000,0.718,False,False
5701364,0.707,False,False
5702390,0.589,True,False
5712274,0.962,False,False
5713826,0.959,False,False
5715261,0.945,False,False
5718157,0.498,True,True
5718487,0.94,False,False
5721385,0.709,False,False
5721797,0.944,False,False
5722612,0.976,False,False
5724936,0.966,False,False
5726449,0.381,True,True
5727076,0.601,True,False
5727990,0.647,False,False
5728399,0.701,False,False
5728458,0.693,True,False
5728517,0.601,True,False
5729179,0.609,True,False
5729818,0.517,True,True
5730205,0.596,True,False
5732411,0.491,True,True
5736456,0.943,False,False
5737135,0.674,False,False
5740005,0.602,True,False
5741493,0.954,False,False
5744536,0.574,True,False
5754722,0.935,False,False
5754772,0.937,False,False
5756377,0.635,True,False
5756877,0.73,False,False
5758355,0.617,True,False
5758987,0.591,True,False
5763010,0.607,True,False
5763115,0.538,True,False
5769633,0.726,False,False
5771599,0.711,False,False
5773053,0.602,True,False
5783355,0.496,True,True
5784583,0.789,False,False
5790909,0.653,False,False
5792787,0.706,False,False
5793173,0.934,False,False
5793693,0.574,True,False
5798316,0.721,False,False
5799231,0.659,True,False
5802751,0.619,True,False
5803179,0.932,True,False
5805339,0.972,False,False
5806336,0.758,False,False
5806521,0.711,False,False
5807090,0.683,False,False
5807390,0.687,False,False
5807982,0.69,False,False
5809155,0.682,False,False
5811627,0.694,False,False
5812544,0.948,False,False
5813928,0.968,False,False
5815079,0.71,False,False
5815696,0.96,False,False
5817145,0.687,False,False
5817859,0.777,False,False
5818526,0.787,False,False
5820924,0.962,False,False
5821286,0.717,False,False
5826307,0.966,False,False
5826751,0.608,True,False
5828347,0.609,True,False
5829271,0.713,False,False
5831387,0.716,False,False
5835439,0.968,False,False
5837036,0.579,True,True
5837692,0.961,False,False
5840350,0.673,False,False
5841170,0.679,False,False
5841675,0.72,False,False
5843888,0.704,False,False
5844306,0.739,False,False
5847133,0.964,False,False
5847484,0.658,False,False
5848619,0.65,False,False
5853442,0.616,True,False
5854348,0.619,True,False
5855599,0.971,False,False
5856191,0.677,False,False
5857477,0.706,False,False
5859296,0.621,True,False
5861067,0.587,True,False
5863069,0.729,False,False
5864517,0.628,True,False
5865811,0.649,True,False
5867631,0.964,False,False
5868117,0.735,False,False
5875063,0.704,False,False
5875225,0.648,True,False
5875945,0.978,False,False
5876597,0.666,False,False
5878847,0.978,False,False
5879937,0.979,True,False
5880261,0.964,False,False
5881087,0.949,False,False
5893428,0.909,True,False
5893446,0.613,True,False
5894178,0.96,False,False
5897985,0.715,False,False
5900776,0.654,False,False
5901385,0.932,False,False
5902267,0.712,False,False
5906833,0.642,True,False
5907221,0.708,False,False
5907577,0.658,False,False
5911199,0.681,False,False
5912924,0.955,False,False
5914009,0.52,True,False
5921397,0.975,False,False
5924411,0.596,True,False
5925881,0.904,True,False
5928354,0.959,False,False
5930073,0.974,False,False
5932536,0.97,False,False
5942745,0.959,False,False
5951432,0.644,True,False
5952751,0.96,False,False
5954857,0.659,False,False
5956248,0.693,False,False
5960470,0.737,False,False
5961023,0.648,True,False
5961871,0.595,True,False
5961915,0.652,True,False
5962999,0.588,True,False
5964783,0.953,False,False
5965836,0.948,False,False
5966371,0.669,False,False
5966726,0.641,False,False
5969093,0.96,False,False
5970753,0.639,True,False
5971645,0.952,True,False
5971670,0.601,True,False
5974011,0.677,False,False
5974286,0.741,False,False
5978258,0.704,False,False
5982986,0.716,False,False
5983167,0.748,False,False
5984262,0.673,True,False
5986836,0.881,True,False
5987519,0.704,False,False
5988109,0.73,False,False
5989067,0.817,False,False
5991172,0.63,True,False
5992527,0.634,True,False
5992974,0.587,True,False
5993112,0.577,True,False
5993593,0.57,True,False
5994463,0.682,False,False
5995309,0.73,False,False
6003539,0.555,True,False
6005627,0.79,False,False
6008562,0.706,False,False
6009854,0.704,False,False
6010250,0.637,False,False
6015056,0.654,False,False
6015155,0.647,True,False
6033130,0.877,True,False
6034586,0.978,False,False
6035340,0.589,True,False
6038625,0.71,False,False
6038731,0.941,False,False
6038865,0.69,False,False
6041498,0.815,False,False
6041734,0.632,True,False
6045763,0.649,False,False
6047106,0.973,False,False
6053974,0.967,False,False
6054540,0.969,False,False
6055185,0.575,True,False
6057360,0.647,True,False
6061617,0.683,False,False
6062603,0.971,False,False
6062818,0.743,False,False
6063505,0.719,False,False
6066624,0.97,False,False
6073633,0.713,False,False
6074388,0.978,False,False
6076676,0.67,False,False
6077845,0.961,False,False
6081254,0.905,True,False
6082023,0.974,False,False
6083655,0.959,False,False
6085626,0.631,True,False
6086562,0.724,False,False
6087770,0.793,False,False
6092670,0.58,True,False
6105227,0.596,True,False
6105454,0.664,False,False
6105663,0.679,False,False
6125259,0.699,False,False
6134047,0.699,False,False
6134259,0.955,False,False
6134381,0.653,False,False
6135407,0.7,False,False
6145350,0.905,True,False
6157945,0.662,False,False
6158388,0.971,False,False
6161224,0.6,True,False
6164509,0.967,False,False
6165886,0.593,True,False
6166328,0.555,True,False
6169798,0.793,False,False
6169851,0.968,False,False
6172598,0.67,False,False
6173157,0.605,True,False
6174043,0.963,False,False
6174288,0.644,False,False
6178091,0.636,True,False
6188193,0.931,False,False
6188394,0.711,False,False
6190055,0.951,False,False
6191068,0.645,True,False
6192381,0.795,False,False
6192424,0.637,True,False
6194463,0.637,True,False
6195470,0.965,False,False
6196098,0.965,False,False
6196679,0.719,False,False
6198647,0.706,False,False
6199183,0.793,False,False
6214392,0.706,False,False
6214789,0.672,False,False
6215702,0.928,True,False
6216087,0.792,False,False
6219265,0.606,True,False
6221178,0.713,False,False
6225448,0.533,True,False
6230633,0.792,False,False
6231158,0.654,False,False
6234248,0.699,False,False
6235455,0.695,False,False
6241250,0.709,False,False
6242265,0.652,False,False
6251195,0.958,False,False
6252330,0.576,True,False
6253622,0.974,False,False
6255826,0.977,False,False
6256131,0.714,False,False
6257437,0.788,False,False
6258058,0.784,False,False
6258078,0.526,True,False
6259237,0.587,True,False
6260222,0.624,True,False
6262264,0.63,True,False
6264961,0.673,True,False
6266326,0.555,True,False
6266702,0.706,False,False
6269249,0.978,False,False
6271098,0.618,True,False
6271343,0.708,False,False
6277580,0.618,True,False
6279703,0.704,False,False
6281705,0.959,False,False
6282128,0.808,False,False
6286335,0.607,True,False
6287204,0.943,False,False
6287370,0.588,True,False
6291642,0.616,True,False
6291828,0.732,False,False
6303229,0.985,True,False
6306902,0.96,False,False
6315657,0.965,False,False
6317425,0.7,False,False
6320961,0.566,True,False
6323789,0.964,False,False
6326428,0.965,False,False
6326676,0.978,True,False
6326939,0.674,False,False
6329824,0.708,False,False
6330931,0.966,False,False
6333937,0.656,True,False
6334890,0.847,True,True
6335615,0.733,False,False
6337320,0.977,False,False
6337336,0.675,False,False
6341234,0.964,False,False
6346693,0.652,False,False
6348006,0.929,True,False
6348497,0.944,False,False
6352582,0.579,True,False
6353197,0.958,False,False
6359155,0.982,True,False
6362866,0.671,False,False
6363899,0.738,False,False
6365056,0.641,True,False
6366378,0.597,True,False
6371745,0.623,True,False
6376412,0.569,True,False
6380746,0.622,True,False
6385420,0.96,False,False
6386016,0.964,False,False
6386560,0.962,False,False
6387109,0.565,True,False
6394255,0.979,False,False
6397266,0.563,True,False
6400096,0.714,False,False
6400889,0.677,False,False
6407340,0.512,True,True
6409786,0.787,False,False
6410512,0.95,False,False
6411044,0.699,False,False
6411604,0.699,False,False
6411753,0.79,False,False
6412211,0.976,False,False
6412623,0.949,False,False
6416011,0.975,False,False
6422222,0.976,False,False
6434262,0.613,True,False
6434761,0.711,False,False
6435157,0.708,False,False
6435559,0.701,False,False
6437086,0.543,True,False
6438258,0.737,False,False
6439475,0.729,False,False
6440131,0.638,True,False
6440880,0.724,False,False
6444167,0.596,True,False
6445046,0.966,False,False
6445741,0.692,False,False
6446198,0.961,False,False
6448670,0.97,False,False
6453659,0.534,True,False
6456015,0.628,True,False
6460118,0.753,False,False
6461132,0.644,False,False
6468291,0.655,False,False
6475754,0.855,True,True
6477211,0.961,False,False
6478170,0.705,False,False
6478309,0.692,False,False
6483638,0.64,True,False
6484565,0.697,False,False
6486979,0.709,False,False
6495523,0.675,False,False
6504151,0.651,False,False
6504462,0.739,False,False
6505790,0.678,False,False
6506752,0.609,True,False
6512825,0.708,False,False
6513350,0.551,True,False
6514120,0.97,False,False
6518890,0.657,True,False
6523976,0.689,False,False
6526752,0.681,False,False
6526798,0.684,False,False
6533864,0.961,False,False
6542307,0.709,False,False
6544083,0.723,False,False
6544948,0.614,True,False
6545658,0.682,False,False
6549723,0.723,False,False
6553313,0.911,True,False
6555437,0.941,False,False
6555449,0.672,False,False
6561614,0.984,True,False
6575095,0.596,True,False
6576270,0.678,False,False
6591710,0.651,False,False
6604482,0.682,False,False
6614469,0.664,False,False
6620384,0.729,False,False
6621700,0.617,True,False
6623149,0.727,False,False
6624085,0.708,False,False
6624128,0.51,True,True
6629617,0.638,True,False
6630162,0.621,True,False
6631131,0.66,False,False
6631719,0.956,True,False
6632320,0.985,True,False
6633422,0.563,True,False
6634941,0.691,False,False
6635497,0.724,False,False
6638726,0.664,False,False
6641717,0.703,False,False
6644461,0.725,False,False
6645450,0.578,True,False
6645709,0.633,True,False
6651018,0.571,True,True
6652606,0.62,True,False
6654208,0.913,True,False
6656204,0.946,True,False
6663166,0.701,False,False
6663932,0.577,True,False
6664925,0.62,True,False
6665050,0.977,False,False
6666424,0.95,False,False
6667690,0.686,False,False
6670499,0.777,True,False
6672625,0.69,False,False
6673380,0.932,True,False
6676044,0.616,True,False
6676682,0.661,False,False
6683743,0.681,False,False
6693692,0.773,False,False
6697061,0.66,False,False
6702750,0.599,True,False
6708703,0.698,False,False
6710389,0.988,True,False
6715123,0.668,False,False
6719320,0.614,True,False
6720199,0.704,False,False
6722054,0.958,False,False
6729578,0.669,False,False
6730196,0.926,True,False
6732304,0.964,False,False
6738268,0.79,False,False
6741690,0.685,False,False
6745404,0.707,False,False
6748778,0.59,True,False
6751105,0.66,False,False
6752952,0.671,False,False
6756283,0.601,True,False
6759614,0.642,True,False
6759705,0.495,True,True
6759926,0.623,True,False
6760476,0.604,True,False
6761217,0.583,True,False
6761985,0.995,True,False
6762418,0.567,True,False
6767533,0.636,True,False
6768144,0.552,True,False
6768644,0.607,True,False
6770161,0.621,True,False
6770876,0.963,False,False
6774731,0.693,False,False
6775278,0.978,False,False
6775458,0.68,False,False
6781730,0.963,False,False
6782495,0.561,True,False
6783894,0.96,False,False
6786244,0.549,True,True
6790238,0.783,False,False
6790759,0.787,False,False
6792629,0.96,False,False
6793252,0.601,True,False
6795627,0.972,False,False
6798637,0.93,True,False
6801267,0.611,True,False
6812488,0.615,True,False
6813470,0.71,False,False
6814989,0.665,False,False
6818206,0.963,False,False
6822389,0.663,False,False
6822944,0.79,False,False
6826291,0.965,False,False
6828065,0.609,True,False
6828302,0.651,False,False
6828980,0.985,True,False
6841299,0.699,False,False
6850100,0.95,True,False
6850848,0.79,False,False
6853138,0.638,True,False
6853358,0.624,True,False
6856355,0.973,False,False
6858704,0.65,False,False
6859906,0.713,False,False
6860513,0.609,True,False
6862950,0.638,True,False
6873525,0.697,False,False
6883196,0.572,True,False
6888481,0.665,False,False
6891174,0.923,True,False
6892758,0.976,False,False
6892880,0.686,False,False
6895043,0.75,False,False
6896155,0.898,True,False
6897881,0.728,False,False
6901580,0.937,False,False
6903760,0.647,False,False
6903817,0.634,True,False
6904647,0.651,False,False
6904736,0.707,False,False
6905732,0.72,False,False
6906765,0.705,False,False
6909804,0.964,False,False
6910405,0.984,True,False
6916062,0.963,False,False
6916791,0.627,True,False
6922255,0.592,True,False
6924460,0.675,False,False
6932459,0.905,True,False
6935038,0.673,False,False
6937987,0.928,False,False
6939350,0.646,False,False
6940627,0.663,False,False
6943119,0.902,True,False
6944630,0.688,False,False
6948824,0.949,False,False
6951370,0.973,False,False
6956092,0.653,False,False
6958203,0.59,True,False
6961179,0.715,False,False
6961786,0.68,False,False
6975382,0.658,False,False
6976989,0.627,True,False
6978178,0.677,False,False
6987008,0.677,False,False
6987403,0.727,False,False
6988362,0.959,False,False
6990307,0.58,True,False
6994492,0.601,True,False
6997227,0.938,True,False
6997929,0.789,False,False
7002848,0.964,False,False
7004349,0.627,True,False
7005690,0.703,False,False
7006971,0.567,True,False
7012106,0.66,False,False
7021161,0.974,False,False
7023395,0.627,True,False
7025596,0.592,True,True
7030315,0.605,True,False
7030739,0.661,False,False
7033274,0.985,True,False
7033573,0.629,True,False
7034980,0.554,True,False
7035892,0.951,False,False
7039903,0.687,False,False
7041205,0.648,False,False
7041552,0.989,True,False
7044141,0.974,True,False
7045138,0.665,False,False
7046558,0.688,False,False
7049922,0.988,True,False
7051218,0.71,False,False
7052980,0.663,False,False
7057408,0.985,True,False
7057482,0.636,True,False
7062577,0.717,False,False
7063268,0.791,False,False
7066675,0.592,True,False
7072212,0.737,False,False
7073744,0.559,True,False
7075309,0.591,True,False
7076310,0.685,False,False
7077944,0.642,True,False
7079504,0.572,True,True
7083071,0.668,False,False
7083712,0.951,False,False
7085925,0.7,False,False
7097531,0.702,False,False
7097591,0.547,True,False
7099142,0.974,False,False
7101494,0.62,True,False
7101985,0.972,False,False
7103197,0.663,False,False
7104240,0.958,False,False
7112866,0.647,True,False
7113691,0.723,False,False
7114250,0.59,True,False
7117458,0.702,False,False
7118291,0.932,False,False
7120872,0.712,False,False
7123859,0.731,False,False
7126056,0.972,False,False
7135238,0.929,True,False
7139204,0.627,True,False
7145059,0.703,False,False
7146854,0.671,True,False
7149896,0.582,True,False
7151547,0.545,True,False
7152123,0.975,False,False
7152812,0.928,True,False
7152871,0.96,False,False
7156047,0.967,False,False
7156788,0.608,True,False
7159731,0.681,False,False
7161159,0.969,False,False
7163603,0.695,False,False
7165269,0.66,True,False
7166656,0.698,False,False
7169062,0.909,True,False
7169907,0.896,True,False
7171453,0.659,False,False
7177218,0.608,True,False
7177829,0.688,False,False
7177944,0.653,False,False
7182297,0.973,False,False
7182301,0.615,True,False
7189765,0.698,False,False
7200281,0.955,False,False
7208889,0.728,False,False
7212255,0.7,False,False
7217330,0.968,False,False
7222486,0.559,True,False
7222559,0.596,True,False
7223031,0.976,False,False
7234984,0.971,False,False
7236751,0.691,True,False
7243858,0.685,False,False
7244758,0.95,False,False
7249728,0.69,False,False
7250385,0.649,True,False
7250959,0.67,False,False
7258497,0.933,False,False
7261262,0.721,False,False
7262529,0.698,True,False
7263125,0.926,True,False
7269805,0.697,False,False
7270465,0.731,False,False
7270608,0.964,False,False
7271152,0.7,False,False
7276577,0.658,False,False
7283037,0.683,False,False
7285563,0.551,True,False
7291868,0.581,True,False
7292724,0.728,False,False
7299747,0.984,True,False
7305087,0.602,True,False
7305278,0.635,False,False
7306621,0.951,False,False
7309993,0.633,False,False
7313352,0.582,True,False
7316661,0.965,False,False
7317996,0.671,True,False
7339566,0.967,False,False
7344398,0.618,True,False
7345348,0.947,False,False
7345974,0.681,False,False
7347920,0.69,False,False
7349398,0.606,True,False
7355348,0.59,True,False
7357941,0.981,True,False
7359228,0.677,False,False
7360083,0.602,True,False
7362250,0.723,False,False
7363757,0.587,True,False
7366017,0.705,False,False
7366993,0.695,False,False
7372828,0.694,False,False
7373433,0.707,False,False
7382003,0.596,True,False
7383085,0.714,False,False
7383719,0.633,True,False
7395467,0.713,False,False
7401299,0.912,True,False
7404276,0.714,False,False
7405556,0.695,False,False
7415162,0.724,False,False
7418345,0.642,True,False
7418934,0.962,False,False
7425450,0.706,False,False
7426936,0.964,False,False
7435943,0.792,False,False
7436297,0.643,True,False
7436412,0.703,False,False
7437388,0.683,False,False
7437937,0.554,True,False
7441732,0.734,False,False
7441734,0.696,False,False
7442730,0.71,False,False
7445786,0.95,False,False
7447534,0.649,True,False
7448195,0.615,True,False
7449093,0.598,True,False
7451372,0.793,False,False
7453531,0.708,False,False
7459695,0.986,True,False
7460248,0.687,True,False
7465504,0.732,False,False
7470605,0.897,True,False
7474526,0.708,False,False
7474797,0.609,True,False
7475842,0.956,False,False
7483585,0.686,False,False
7485572,0.651,True,False
7485924,0.641,True,False
7487950,0.962,False,False
7488069,0.952,False,False
7490340,0.664,False,False
7491579,0.682,False,False
7495749,0.678,False,False
7508773,0.69,False,False
7516329,0.686,True,False
7517546,0.644,True,False
7517672,0.716,False,False
7520248,0.697,False,False
7527227,0.685,False,False
7528095,0.685,True,False
7528732,0.686,True,False
7529388,0.686,True,False
7530092,0.686,True,False
7533372,0.645,False,False
7543345,0.958,False,False
7565293,0.625,True,False
7571970,0.688,False,False
7577592,0.64,True,False
7585867,0.649,False,False
7588864,0.703,False,False
7591124,0.96,False,False
7604497,0.701,False,False
7606832,0.676,True,False
7607376,0.637,True,False
7611331,0.654,False,False
7611464,0.673,False,False
7617428,0.961,False,False
7618711,0.958,False,False
7619425,0.674,True,False
7620130,0.964,False,False
7626352,0.677,False,False
7628524,0.97,False,False
7629076,0.958,False,False
7635406,0.96,False,False
7636966,0.795,False,False
7638162,0.963,False,False
7639227,0.689,False,False
7642469,0.575,True,False
7647130,0.961,False,False
7647899,0.957,False,False
7648208,0.642,False,False
7651225,0.958,False,False
7653693,0.691,False,False
7657344,0.663,False,False
7657908,0.926,True,False
7661455,0.948,False,False
7668765,0.579,True,False
7674460,0.556,True,False
7675260,0.727,False,False
7677088,0.56,True,False
7677837,0.692,False,False
7678216,0.57,True,False
7679577,0.599,True,False
7686662,0.608,True,False
7692082,0.688,False,False
7695782,0.957,False,False
7697704,0.699,True,False
7698530,0.665,False,False
7698954,0.684,False,False
7701768,0.929,False,False
7702574,0.592,True,False
7707473,0.555,True,False
7707857,0.798,False,False
7711445,0.683,False,False
7711523,0.965,False,False
7712092,0.952,False,False
7713560,0.597,True,False
7722807,0.703,False,False
7728802,0.722,False,False
7730247,0.964,False,False
7733647,0.637,False,False
7734317,0.616,True,False
7734846,0.595,True,False
7735884,0.663,False,False
7738258,0.652,False,False
7739099,0.966,False,False
7740268,0.779,False,False
7740813,0.965,False,False
7741397,0.976,False,False
7750271,0.619,True,False
7754935,0.96,False,False
7761751,0.79,False,False
7762378,0.679,False,False
7762666,0.725,False,False
7763434,0.548,True,False
7765826,0.979,False,False
7766599,0.612,True,False
7767140,0.602,True,False
7773880,0.963,False,False
7778644,0.956,False,False
7779162,0.802,False,False
7780645,0.657,False,False
7787749,0.721,False,False
7793626,0.704,False,False
7795212,0.727,False,False
7795927,0.603,True,False
7797048,0.715,False,False
7798506,0.573,True,False
7804021,0.722,False,False
7804828,0.96,False,False
7805378,0.667,True,False
7816003,0.803,False,False
7817460,0.706,False,False
7818684,0.639,True,False
7820961,0.678,False,False
7821973,0.716,False,False
7822904,0.714,False,False
7830863,0.677,False,False
7835395,0.973,False,False
7836105,0.521,True,True
7842386,0.941,False,False
7848540,0.612,True,False
7851869,0.975,False,False
7852421,0.957,False,False
7855627,0.636,True,False
7856458,0.731,False,False
7857916,0.675,False,False
7858043,0.625,True,False
7859212,0.599,True,False
7859551,0.971,False,False
7860765,0.96,False,False
7862062,0.959,False,False
7865763,0.705,False,False
7868319,0.624,True,False
7872455,0.793,False,False
7875598,0.673,False,False
7880079,0.583,True,False
7883809,0.696,False,False
7888932,0.956,False,False
7893781,0.781,False,False
7895949,0.92,True,False
7897311,0.629,True,False
7918493,0.94,False,False
7925491,0.941,False,False
7926105,0.586,True,False
7931482,0.624,True,False
7932405,0.794,False,False
7936199,0.958,False,False
7937991,0.545,True,False
7946707,0.946,False,False
7948966,0.643,True,False
7954530,0.98,False,False
7955961,0.971,False,False
7960584,0.964,False,False
7963590,0.97,False,False
7973997,0.666,False,False
7981629,0.583,True,False
7986787,0.664,False,False
7988095,0.689,False,False
7988901,0.715,False,False
7991899,0.702,False,False
7994120,0.679,False,False
7998724,0.665,False,False
8001523,0.792,False,False
8002847,0.793,False,False
8010570,0.793,False,False
8020544,0.694,False,False
8027191,0.61,True,False
8028373,0.684,False,False
8028791,0.731,False,False
8030430,0.705,False,False
8031863,0.96,False,False
8032021,0.546,True,False
8032377,0.703,False,False
8032380,0.665,False,False
8032512,0.752,False,False
8034559,0.588,True,False
8038520,0.722,False,False
8048024,0.723,False,False
8048622,0.713,False,False
8049861,0.597,True,False
8071502,0.966,False,False
8072132,0.688,False,False
8072426,0.609,True,False
8073092,0.795,False,False
8073908,0.961,False,False
8074221,0.97,False,False
8075465,0.628,True,False
8076853,0.652,False,False
8079309,0.632,True,False
8081306,0.658,False,False
8081926,0.971,False,False
8091138,0.633,True,False
8096985,0.967,False,False
8100224,0.647,True,False
8101742,0.627,True,False
8101824,0.651,False,False
8105485,0.991,True,False
8109754,0.721,False,False
8111510,0.719,False,False
8114705,0.724,False,False
8120901,0.658,False,False
8121807,0.695,False,False
8124718,0.671,False,False
8127796,0.59,True,False
8128051,0.657,False,False
8130242,0.595,True,False
8133904,0.791,False,False
8136363,0.592,True,False
8139173,0.965,False,False
8142772,0.688,False,False
8143906,0.582,True,False
8147338,0.719,False,False
8149872,0.965,False,False
8158993,0.617,True,False
8164326,0.715,False,False
8166154,0.704,False,False
8169427,0.755,False,False
8169701,0.62,True,False
8170442,0.686,False,False
8172773,0.626,True,False
8173449,0.63,True,False
8174047,0.588,True,False
8174445,0.583,True,False
8174735,0.635,True,False
8175426,0.967,False,False
8176045,0.667,False,False
8178383,0.788,False,False
8178940,0.584,True,False
8179588,0.661,False,False
8181859,0.661,False,False
8183356,0.721,False,False
8185923,0.629,True,False
8186565,0.604,True,False
8188651,0.61,True,False
8190147,0.709,False,False
8190364,0.676,False,False
8191611,0.973,False,False
8194835,0.97,False,False
8198811,0.697,False,False
8202655,0.709,False,False
8209668,0.797,False,False
8218566,0.69,False,False
8226955,0.674,False,False
8231149,0.721,False,False
8232327,0.797,False,False
8234931,0.701,False,False
8238212,0.704,False,False
8244295,0.695,False,False
8254473,0.584,True,False
8255179,0.662,False,False
8257360,0.981,True,False
8262096,0.632,True,False
8264362,0.68,False,False
8274080,0.704,False,False
8275297,0.646,True,False
8283613,0.655,False,False
8287457,0.697,True,False
8294389,0.956,False,False
8298536,0.964,False,False
8303948,0.526,True,True
8306839,0.62,True,False
8313926,0.958,False,False
8314926,0.986,True,False
8315982,0.597,True,False
8316412,0.58,True,False
8316485,0.561,True,False
8317694,0.681,False,False
8317817,0.674,False,False
8320330,0.61,True,False
8321092,0.698,False,False
8322334,0.965,False,False
8325079,0.654,False,False
8325358,0.97,False,False
8335203,0.964,False,False
8335795,0.974,False,False
8336360,0.595,True,False
8340869,0.693,False,False
8341958,0.58,True,False
8347744,0.986,True,False
8348716,0.678,False,False
8349702,0.982,True,False
8355757,0.969,False,False
8364770,0.979,True,False
8364872,0.796,False,False
8366557,0.846,False,False
8369406,0.716,False,False
8369615,0.667,False,False
8376591,0.98,True,False
8382551,0.951,False,False
8385480,0.967,False,False
8385951,0.662,False,False
8391570,0.613,True,False
8396403,0.657,False,False
8408274,0.973,False,False
8408947,0.986,True,False
8418824,0.727,False,False
8426421,0.544,True,True
8451264,0.739,False,False
8451757,0.566,True,False
8452404,0.986,True,False
8458491,0.66,True,False
8460578,0.664,False,False
8463513,0.986,True,False
8466834,0.986,True,False
8467908,0.986,True,False
8470219,0.986,True,False
8471927,0.967,False,False
8471932,0.698,True,False
8474458,0.986,True,False
8476322,0.964,False,False
8480760,0.99,True,False
8484319,0.748,False,False
8489127,0.7,False,False
8493574,0.968,False,False
8501395,0.804,False,False
8501411,0.662,False,False
8509770,0.702,False,False
8516829,0.585,True,False
8518480,0.719,False,False
8539642,0.704,False,False
8543246,0.712,False,False
8543810,0.593,True,False
8548040,0.68,False,False
8560656,0.593,True,False
8562165,0.649,True,False
8563494,0.741,False,False
8564134,0.656,False,False
8564151,0.602,True,False
8569635,0.564,True,False
8576828,0.97,False,False
8577583,0.63,True,False
8578018,0.94,False,False
8579077,0.686,False,False
8579497,0.96,False,False
8585331,0.584,True,False
8596767,0.644,True,False
8598589,0.694,False,False
8612622,0.956,False,False
8617453,0.72,False,False
8621929,0.71,False,False
8624215,0.563,True,False
8629760,0.684,False,False
8633035,0.673,True,False
8636344,0.7,False,False
8644669,0.71,False,False
8644877,0.617,True,False
8645734,0.962,False,False
8647377,0.728,False,False
8654326,0.732,False,False
8656695,0.736,False,False
8656868,0.703,False,False
8663155,0.704,False,False
8663165,0.954,False,False
8700718,0.7,False,False
8701444,0.653,False,False
8702398,0.695,False,False
8715194,0.697,False,False
8724035,0.631,True,False
8727562,0.696,False,False
8774164,0.934,True,False
8776069,0.64,False,False
8785857,0.613,True,False
8788772,0.96,False,False
8792660,0.672,False,False
8803360,0.654,False,False
8816045,0.578,True,False
8817180,0.642,True,False
8829080,0.955,False,False
8829649,0.659,False,False
8832002,0.656,False,False
8834612,0.649,True,False
8843528,0.666,False,False
8844839,0.939,False,False
8859892,0.701,False,False
8860806,0.57,True,False
8888718,0.543,True,False
8890742,0.534,True,False
8891394,0.631,True,False
8898945,0.972,False,False
8907131,0.778,False,False
8907898,0.98,True,False
8911987,0.954,False,False
8913590,0.682,False,False
8917745,0.679,False,False
8923144,0.551,True,False
8927467,0.592,True,False
8929083,0.703,False,False
8932608,0.95,False,False
8933208,0.969,False,False
8942110,0.707,False,False
8946715,0.716,False,False
8958806,0.913,True,False
8965415,0.673,False,False
8975339,0.699,False,False
8976429,0.647,False,False
8990276,0.582,True,False
8991661,0.89,True,False
8993816,0.952,False,False
8995259,0.738,False,False
8995546,0.704,False,False
8995940,0.968,False,False
8999155,0.57,True,False
9000511,0.645,False,False
9007760,0.64,True,False
9011318,0.564,True,False
9014599,0.66,False,False
9015862,0.62,True,False
9017684,0.633,True,False
9018123,0.685,False,False
9018759,0.948,False,False
9021820,0.627,True,False
9025432,0.718,False,False
9025500,0.679,False,False
9036938,0.972,False,False
9041246,0.692,False,False
9047782,0.632,True,False
9048907,0.954,False,False
9049694,0.97,False,False
9053650,0.639,True,False
9066971,0.643,False,False
9067715,0.682,False,False
9075096,0.591,True,False
9080260,0.931,True,False
9080578,0.972,False,False
9082470,0.634,True,False
9097145,0.885,True,False
9098006,0.912,True,False
9098941,0.531,True,True
9099389,0.638,True,False
9100575,0.968,False,False
9101318,0.955,False,False
9111678,0.97,False,False
9123706,0.968,False,False
9125996,0.957,False,False
9150076,0.61,True,False
9167758,0.71,False,False
9174238,0.697,False,False
9179796,0.925,True,False
9191942,0.669,False,False
9196374,0.963,False,False
9201561,0.718,False,False
9205062,0.889,True,False
9206411,0.964,False,False
9219365,0.618,True,False
9224728,0.667,False,False
9228306,0.956,False,False
9228881,0.601,True,False
9234488,0.648,False,False
9236448,0.461,True,True
9238521,0.964,False,False
9240307,0.557,True,False
9249818,0.947,False,False
9258790,0.946,False,False
9261094,0.592,True,False
9261915,0.616,True,False
9268970,0.968,False,False
9271582,0.522,True,True
9272821,0.572,True,False
9273546,0.554,True,False
9274334,0.663,False,False
9277960,0.954,False,False
9279439,0.722,False,False
9289794,0.61,True,False
9294679,0.699,False,False
9294844,0.659,False,False
9294913,0.726,False,False
9296457,0.703,False,False
9301004,0.74,False,False
9302121,0.74,False,False
9308630,0.98,False,False
9319087,0.625,True,False
9350580,0.72,False,False
9354231,0.657,False,False
9364940,0.674,False,False
9367580,0.617,True,False
9368907,0.982,True,False
9370575,0.643,True,False
9382672,0.703,False,False
9385469,0.609,True,False
9385858,0.669,False,False
9391003,0.592,True,False
9407043,0.654,False,False
9413347,0.641,True,False
9423481,0.709,False,False
9434532,0.517,True,True
9444254,0.595,True,False
9446362,0.647,False,False
9452532,0.72,False,False
9458146,0.708,False,False
9471964,0.577,True,False
9480457,0.723,False,False
9493705,0.599,True,False
9503811,0.695,False,False
9530137,0.698,False,False
9535500,0.699,True,False
9540467,0.698,False,False
9545433,0.636,True,False
9547278,0.693,False,False
9563552,0.975,False,False
9565386,0.965,False,False
9567378,0.654,False,False
9570464,0.608,True,False
9588798,0.957,False,False
9590706,0.739,False,False
9591978,0.714,False,False
9596680,0.699,False,False
9613235,0.603,True,False
9620082,0.94,False,False
9622410,0.601,True,False
9623867,0.641,True,False
9634797,0.97,False,False
9634948,0.6,True,False
9650510,0.715,False,False
9650529,0.972,False,False
9658829,0.716,False,False
9659806,0.957,False,False
9664151,0.652,False,False
9665543,0.691,False,False
9668857,0.698,False,False
9677504,0.612,True,False
9691296,0.958,False,False
9694792,0.644,False,False
9716467,0.704,False,False
9716670,0.626,True,False
9719630,0.969,False,False
9722205,0.689,False,False
9726660,0.665,False,False
9730107,0.954,False,False
9731420,0.667,False,False
9733169,0.665,False,False
9748760,0.702,False,False
9749934,0.661,False,False
9752586,0.721,False,False
9754734,0.696,False,False
9755606,0.694,False,False
9757462,0.681,False,False
9759532,0.721,False,False
9763607,0.611,True,False
9763899,0.649,False,False
9765562,0.7,False,False
9778762,0.688,True,False
9784062,0.97,False,False
9800831,0.959,False,False
9805926,0.643,True,False
9811944,0.72,False,False
9813539,0.726,False,False
9814368,0.72,False,False
9815827,0.716,False,False
9820918,0.7,False,False
9822245,0.704,False,False
9823536,0.969,False,False
9824852,0.649,False,False
9826442,0.699,False,False
9841661,0.676,False,False
9843486,0.695,False,False
9850791,0.612,True,False
9859436,0.627,True,False
9860189,0.608,True,False
9864493,0.577,True,False
9875475,0.722,False,False
9877690,0.738,False,False
9902382,0.628,True,False
9906635,0.68,False,False
9911223,0.94,False,False
9916795,0.706,False,False
9920352,0.68,False,False
9921959,0.684,False,False
9928174,0.661,False,False
9928730,0.527,True,False
9929739,0.614,True,False
9932857,0.684,False,False
9934283,0.733,False,False
9935207,0.939,False,False
9948337,0.695,False,False
9955807,0.699,False,False
9962430,0.931,False,False
9968787,0.676,False,False
9979771,0.645,True,False
9980914,0.611,True,False
9985736,0.642,True,False
9988309,0.649,False,False
9989001,0.722,False,False
9990829,0.74,False,False
9997047,0.636,True,False
9999524,0.65,False,False
Unknown,0.0,True,True
